Workbook

Sheet TheDuc
A1: STT | B1: Khoa | C1: Nữ | K1: Nam | S1: Tổng cộng
C2: S | D2: M | E2: L | F2: XL | G2: XXL | H2: XXXL | I2: Ngoại cỡ | J2: Tổng cộng | K2: S | L2: M | M2: L | N2: XL | O2: XXL | P2: XXXL | Q2: Ngoại cỡ | R2: Tổng cộng
A3: 1 | B3: Công nghệ Thông tin | C3: =COUNTIFS(#REF!,TheDuc!$B3,#REF!,TheDuc!C$2,#REF!,1,#REF!,"") -> #REF! | D3: =COUNTIFS(#REF!,TheDuc!$B3,#REF!,TheDuc!D$2,#REF!,1,#REF!,"") -> #REF! | E3: =COUNTIFS(#REF!,TheDuc!$B3,#REF!,TheDuc!E$2,#REF!,1,#REF!,"") -> #REF! | F3: =COUNTIFS(#REF!,TheDuc!$B3,#REF!,TheDuc!F$2,#REF!,1,#REF!,"") -> #REF! | G3: =COUNTIFS(#REF!,TheDuc!$B3,#REF!,TheDuc!G$2,#REF!,1,#REF!,"") -> #REF! | H3: =COUNTIFS(#REF!,TheDuc!$B3,#REF!,TheDuc!H$2,#REF!,1,#REF!,"") -> #REF! | I3: =COUNTIFS(#REF!,TheDuc!$B3,#REF!,TheDuc!I$2,#REF!,1,#REF!,"") -> #REF! | J3: =SUM(C3:I3) -> #REF! | K3: =COUNTIFS(#REF!,TheDuc!$B3,#REF!,TheDuc!K$2,#REF!,0,#REF!,"") -> #REF! | L3: =COUNTIFS(#REF!,TheDuc!$B3,#REF!,TheDuc!L$2,#REF!,0,#REF!,"") -> #REF! | M3: =COUNTIFS(#REF!,TheDuc!$B3,#REF!,TheDuc!M$2,#REF!,0,#REF!,"") -> #REF! | N3: =COUNTIFS(#REF!,TheDuc!$B3,#REF!,TheDuc!N$2,#REF!,0,#REF!,"") -> #REF! | O3: =COUNTIFS(#REF!,TheDuc!$B3,#REF!,TheDuc!O$2,#REF!,0,#REF!,"") -> #REF! | P3: =COUNTIFS(#REF!,TheDuc!$B3,#REF!,TheDuc!P$2,#REF!,0,#REF!,"") -> #REF! | Q3: =COUNTIFS(#REF!,TheDuc!$B3,#REF!,TheDuc!Q$2,#REF!,0,#REF!,"") -> #REF! | R3: =SUM(K3:Q3) -> #REF! | S3: =J3+R3 -> #REF!
A4: 2 | B4: Điện tử Viễn thông | C4: =COUNTIFS(#REF!,TheDuc!$B4,#REF!,TheDuc!C$2,#REF!,1,#REF!,"") -> #REF! | D4: =COUNTIFS(#REF!,TheDuc!$B4,#REF!,TheDuc!D$2,#REF!,1,#REF!,"") -> #REF! | E4: =COUNTIFS(#REF!,TheDuc!$B4,#REF!,TheDuc!E$2,#REF!,1,#REF!,"") -> #REF! | F4: =COUNTIFS(#REF!,TheDuc!$B4,#REF!,TheDuc!F$2,#REF!,1,#REF!,"") -> #REF! | G4: =COUNTIFS(#REF!,TheDuc!$B4,#REF!,TheDuc!G$2,#REF!,1,#REF!,"") -> #REF! | H4: =COUNTIFS(#REF!,TheDuc!$B4,#REF!,TheDuc!H$2,#REF!,1,#REF!,"") -> #REF! | I4: =COUNTIFS(#REF!,TheDuc!$B4,#REF!,TheDuc!I$2,#REF!,1,#REF!,"") -> #REF! | J4: =SUM(C4:I4) -> #REF! | K4: =COUNTIFS(#REF!,TheDuc!$B4,#REF!,TheDuc!K$2,#REF!,0,#REF!,"") -> #REF! | L4: =COUNTIFS(#REF!,TheDuc!$B4,#REF!,TheDuc!L$2,#REF!,0,#REF!,"") -> #REF! | M4: =COUNTIFS(#REF!,TheDuc!$B4,#REF!,TheDuc!M$2,#REF!,0,#REF!,"") -> #REF! | N4: =COUNTIFS(#REF!,TheDuc!$B4,#REF!,TheDuc!N$2,#REF!,0,#REF!,"") -> #REF! | O4: =COUNTIFS(#REF!,TheDuc!$B4,#REF!,TheDuc!O$2,#REF!,0,#REF!,"") -> #REF! | P4: =COUNTIFS(#REF!,TheDuc!$B4,#REF!,TheDuc!P$2,#REF!,0,#REF!,"") -> #REF! | Q4: =COUNTIFS(#REF!,TheDuc!$B4,#REF!,TheDuc!Q$2,#REF!,0,#REF!,"") -> #REF! | R4: =SUM(K4:Q4) -> #REF! | S4: =J4+R4 -> #REF!
A5: 3 | B5: Giáo dục | C5: =COUNTIFS(#REF!,TheDuc!$B5,#REF!,TheDuc!C$2,#REF!,1,#REF!,"") -> #REF! | D5: =COUNTIFS(#REF!,TheDuc!$B5,#REF!,TheDuc!D$2,#REF!,1,#REF!,"") -> #REF! | E5: =COUNTIFS(#REF!,TheDuc!$B5,#REF!,TheDuc!E$2,#REF!,1,#REF!,"") -> #REF! | F5: =COUNTIFS(#REF!,TheDuc!$B5,#REF!,TheDuc!F$2,#REF!,1,#REF!,"") -> #REF! | G5: =COUNTIFS(#REF!,TheDuc!$B5,#REF!,TheDuc!G$2,#REF!,1,#REF!,"") -> #REF! | H5: =COUNTIFS(#REF!,TheDuc!$B5,#REF!,TheDuc!H$2,#REF!,1,#REF!,"") -> #REF! | I5: =COUNTIFS(#REF!,TheDuc!$B5,#REF!,TheDuc!I$2,#REF!,1,#REF!,"") -> #REF! | J5: =SUM(C5:I5) -> #REF! | K5: =COUNTIFS(#REF!,TheDuc!$B5,#REF!,TheDuc!K$2,#REF!,0,#REF!,"") -> #REF! | L5: =COUNTIFS(#REF!,TheDuc!$B5,#REF!,TheDuc!L$2,#REF!,0,#REF!,"") -> #REF! | M5: =COUNTIFS(#REF!,TheDuc!$B5,#REF!,TheDuc!M$2,#REF!,0,#REF!,"") -> #REF! | N5: =COUNTIFS(#REF!,TheDuc!$B5,#REF!,TheDuc!N$2,#REF!,0,#REF!,"") -> #REF! | O5: =COUNTIFS(#REF!,TheDuc!$B5,#REF!,TheDuc!O$2,#REF!,0,#REF!,"") -> #REF! | P5: =COUNTIFS(#REF!,TheDuc!$B5,#REF!,TheDuc!P$2,#REF!,0,#REF!,"") -> #REF! | Q5: =COUNTIFS(#REF!,TheDuc!$B5,#REF!,TheDuc!Q$2,#REF!,0,#REF!,"") -> #REF! | R5: =SUM(K5:Q5) -> #REF! | S5: =J5+R5 -> #REF!
A6: 4 | B6: Giáo dục Chính trị | C6: =COUNTIFS(#REF!,TheDuc!$B6,#REF!,TheDuc!C$2,#REF!,1,#REF!,"") -> #REF! | D6: =COUNTIFS(#REF!,TheDuc!$B6,#REF!,TheDuc!D$2,#REF!,1,#REF!,"") -> #REF! | E6: =COUNTIFS(#REF!,TheDuc!$B6,#REF!,TheDuc!E$2,#REF!,1,#REF!,"") -> #REF! | F6: =COUNTIFS(#REF!,TheDuc!$B6,#REF!,TheDuc!F$2,#REF!,1,#REF!,"") -> #REF! | G6: =COUNTIFS(#REF!,TheDuc!$B6,#REF!,TheDuc!G$2,#REF!,1,#REF!,"") -> #REF! | H6: =COUNTIFS(#REF!,TheDuc!$B6,#REF!,TheDuc!H$2,#REF!,1,#REF!,"") -> #REF! | I6: =COUNTIFS(#REF!,TheDuc!$B6,#REF!,TheDuc!I$2,#REF!,1,#REF!,"") -> #REF! | J6: =SUM(C6:I6) -> #REF! | K6: =COUNTIFS(#REF!,TheDuc!$B6,#REF!,TheDuc!K$2,#REF!,0,#REF!,"") -> #REF! | L6: =COUNTIFS(#REF!,TheDuc!$B6,#REF!,TheDuc!L$2,#REF!,0,#REF!,"") -> #REF! | M6: =COUNTIFS(#REF!,TheDuc!$B6,#REF!,TheDuc!M$2,#REF!,0,#REF!,"") -> #REF! | N6: =COUNTIFS(#REF!,TheDuc!$B6,#REF!,TheDuc!N$2,#REF!,0,#REF!,"") -> #REF! | O6: =COUNTIFS(#REF!,TheDuc!$B6,#REF!,TheDuc!O$2,#REF!,0,#REF!,"") -> #REF! | P6: =COUNTIFS(#REF!,TheDuc!$B6,#REF!,TheDuc!P$2,#REF!,0,#REF!,"") -> #REF! | Q6: =COUNTIFS(#REF!,TheDuc!$B6,#REF!,TheDuc!Q$2,#REF!,0,#REF!,"") -> #REF! | R6: =SUM(K6:Q6) -> #REF! | S6: =J6+R6 -> #REF!
A7: 5 | B7: Giáo dục Mầm non | C7: =COUNTIFS(#REF!,TheDuc!$B7,#REF!,TheDuc!C$2,#REF!,1,#REF!,"") -> #REF! | D7: =COUNTIFS(#REF!,TheDuc!$B7,#REF!,TheDuc!D$2,#REF!,1,#REF!,"") -> #REF! | E7: =COUNTIFS(#REF!,TheDuc!$B7,#REF!,TheDuc!E$2,#REF!,1,#REF!,"") -> #REF! | F7: =COUNTIFS(#REF!,TheDuc!$B7,#REF!,TheDuc!F$2,#REF!,1,#REF!,"") -> #REF! | G7: =COUNTIFS(#REF!,TheDuc!$B7,#REF!,TheDuc!G$2,#REF!,1,#REF!,"") -> #REF! | H7: =COUNTIFS(#REF!,TheDuc!$B7,#REF!,TheDuc!H$2,#REF!,1,#REF!,"") -> #REF! | I7: =COUNTIFS(#REF!,TheDuc!$B7,#REF!,TheDuc!I$2,#REF!,1,#REF!,"") -> #REF! | J7: =SUM(C7:I7) -> #REF! | K7: =COUNTIFS(#REF!,TheDuc!$B7,#REF!,TheDuc!K$2,#REF!,0,#REF!,"") -> #REF! | L7: =COUNTIFS(#REF!,TheDuc!$B7,#REF!,TheDuc!L$2,#REF!,0,#REF!,"") -> #REF! | M7: =COUNTIFS(#REF!,TheDuc!$B7,#REF!,TheDuc!M$2,#REF!,0,#REF!,"") -> #REF! | N7: =COUNTIFS(#REF!,TheDuc!$B7,#REF!,TheDuc!N$2,#REF!,0,#REF!,"") -> #REF! | O7: =COUNTIFS(#REF!,TheDuc!$B7,#REF!,TheDuc!O$2,#REF!,0,#REF!,"") -> #REF! | P7: =COUNTIFS(#REF!,TheDuc!$B7,#REF!,TheDuc!P$2,#REF!,0,#REF!,"") -> #REF! | Q7: =COUNTIFS(#REF!,TheDuc!$B7,#REF!,TheDuc!Q$2,#REF!,0,#REF!,"") -> #REF! | R7: =SUM(K7:Q7) -> #REF! | S7: =J7+R7 -> #REF!
A8: 6 | B8: Giáo dục Tiểu học | C8: =COUNTIFS(#REF!,TheDuc!$B8,#REF!,TheDuc!C$2,#REF!,1,#REF!,"") -> #REF! | D8: =COUNTIFS(#REF!,TheDuc!$B8,#REF!,TheDuc!D$2,#REF!,1,#REF!,"") -> #REF! | E8: =COUNTIFS(#REF!,TheDuc!$B8,#REF!,TheDuc!E$2,#REF!,1,#REF!,"") -> #REF! | F8: =COUNTIFS(#REF!,TheDuc!$B8,#REF!,TheDuc!F$2,#REF!,1,#REF!,"") -> #REF! | G8: =COUNTIFS(#REF!,TheDuc!$B8,#REF!,TheDuc!G$2,#REF!,1,#REF!,"") -> #REF! | H8: =COUNTIFS(#REF!,TheDuc!$B8,#REF!,TheDuc!H$2,#REF!,1,#REF!,"") -> #REF! | I8: =COUNTIFS(#REF!,TheDuc!$B8,#REF!,TheDuc!I$2,#REF!,1,#REF!,"") -> #REF! | J8: =SUM(C8:I8) -> #REF! | K8: =COUNTIFS(#REF!,TheDuc!$B8,#REF!,TheDuc!K$2,#REF!,0,#REF!,"") -> #REF! | L8: =COUNTIFS(#REF!,TheDuc!$B8,#REF!,TheDuc!L$2,#REF!,0,#REF!,"") -> #REF! | M8: =COUNTIFS(#REF!,TheDuc!$B8,#REF!,TheDuc!M$2,#REF!,0,#REF!,"") -> #REF! | N8: =COUNTIFS(#REF!,TheDuc!$B8,#REF!,TheDuc!N$2,#REF!,0,#REF!,"") -> #REF! | O8: =COUNTIFS(#REF!,TheDuc!$B8,#REF!,TheDuc!O$2,#REF!,0,#REF!,"") -> #REF! | P8: =COUNTIFS(#REF!,TheDuc!$B8,#REF!,TheDuc!P$2,#REF!,0,#REF!,"") -> #REF! | Q8: =COUNTIFS(#REF!,TheDuc!$B8,#REF!,TheDuc!Q$2,#REF!,0,#REF!,"") -> #REF! | R8: =SUM(K8:Q8) -> #REF! | S8: =J8+R8 -> #REF!
A9: 7 | B9: Luật | C9: =COUNTIFS(#REF!,TheDuc!$B9,#REF!,TheDuc!C$2,#REF!,1,#REF!,"") -> #REF! | D9: =COUNTIFS(#REF!,TheDuc!$B9,#REF!,TheDuc!D$2,#REF!,1,#REF!,"") -> #REF! | E9: =COUNTIFS(#REF!,TheDuc!$B9,#REF!,TheDuc!E$2,#REF!,1,#REF!,"") -> #REF! | F9: =COUNTIFS(#REF!,TheDuc!$B9,#REF!,TheDuc!F$2,#REF!,1,#REF!,"") -> #REF! | G9: =COUNTIFS(#REF!,TheDuc!$B9,#REF!,TheDuc!G$2,#REF!,1,#REF!,"") -> #REF! | H9: =COUNTIFS(#REF!,TheDuc!$B9,#REF!,TheDuc!H$2,#REF!,1,#REF!,"") -> #REF! | I9: =COUNTIFS(#REF!,TheDuc!$B9,#REF!,TheDuc!I$2,#REF!,1,#REF!,"") -> #REF! | J9: =SUM(C9:I9) -> #REF! | K9: =COUNTIFS(#REF!,TheDuc!$B9,#REF!,TheDuc!K$2,#REF!,0,#REF!,"") -> #REF! | L9: =COUNTIFS(#REF!,TheDuc!$B9,#REF!,TheDuc!L$2,#REF!,0,#REF!,"") -> #REF! | M9: =COUNTIFS(#REF!,TheDuc!$B9,#REF!,TheDuc!M$2,#REF!,0,#REF!,"") -> #REF! | N9: =COUNTIFS(#REF!,TheDuc!$B9,#REF!,TheDuc!N$2,#REF!,0,#REF!,"") -> #REF! | O9: =COUNTIFS(#REF!,TheDuc!$B9,#REF!,TheDuc!O$2,#REF!,0,#REF!,"") -> #REF! | P9: =COUNTIFS(#REF!,TheDuc!$B9,#REF!,TheDuc!P$2,#REF!,0,#REF!,"") -> #REF! | Q9: =COUNTIFS(#REF!,TheDuc!$B9,#REF!,TheDuc!Q$2,#REF!,0,#REF!,"") -> #REF! | R9: =SUM(K9:Q9) -> #REF! | S9: =J9+R9 -> #REF!
A10: 8 | B10: Môi trường | C10: =COUNTIFS(#REF!,TheDuc!$B10,#REF!,TheDuc!C$2,#REF!,1,#REF!,"") -> #REF! | D10: =COUNTIFS(#REF!,TheDuc!$B10,#REF!,TheDuc!D$2,#REF!,1,#REF!,"") -> #REF! | E10: =COUNTIFS(#REF!,TheDuc!$B10,#REF!,TheDuc!E$2,#REF!,1,#REF!,"") -> #REF! | F10: =COUNTIFS(#REF!,TheDuc!$B10,#REF!,TheDuc!F$2,#REF!,1,#REF!,"") -> #REF! | G10: =COUNTIFS(#REF!,TheDuc!$B10,#REF!,TheDuc!G$2,#REF!,1,#REF!,"") -> #REF! | H10: =COUNTIFS(#REF!,TheDuc!$B10,#REF!,TheDuc!H$2,#REF!,1,#REF!,"") -> #REF! | I10: =COUNTIFS(#REF!,TheDuc!$B10,#REF!,TheDuc!I$2,#REF!,1,#REF!,"") -> #REF! | J10: =SUM(C10:I10) -> #REF! | K10: =COUNTIFS(#REF!,TheDuc!$B10,#REF!,TheDuc!K$2,#REF!,0,#REF!,"") -> #REF! | L10: =COUNTIFS(#REF!,TheDuc!$B10,#REF!,TheDuc!L$2,#REF!,0,#REF!,"") -> #REF! | M10: =COUNTIFS(#REF!,TheDuc!$B10,#REF!,TheDuc!M$2,#REF!,0,#REF!,"") -> #REF! | N10: =COUNTIFS(#REF!,TheDuc!$B10,#REF!,TheDuc!N$2,#REF!,0,#REF!,"") -> #REF! | O10: =COUNTIFS(#REF!,TheDuc!$B10,#REF!,TheDuc!O$2,#REF!,0,#REF!,"") -> #REF! | P10: =COUNTIFS(#REF!,TheDuc!$B10,#REF!,TheDuc!P$2,#REF!,0,#REF!,"") -> #REF! | Q10: =COUNTIFS(#REF!,TheDuc!$B10,#REF!,TheDuc!Q$2,#REF!,0,#REF!,"") -> #REF! | R10: =SUM(K10:Q10) -> #REF! | S10: =J10+R10 -> #REF!
A11: 9 | B11: Nghệ thuật | C11: =COUNTIFS(#REF!,TheDuc!$B11,#REF!,TheDuc!C$2,#REF!,1,#REF!,"") -> #REF! | D11: =COUNTIFS(#REF!,TheDuc!$B11,#REF!,TheDuc!D$2,#REF!,1,#REF!,"") -> #REF! | E11: =COUNTIFS(#REF!,TheDuc!$B11,#REF!,TheDuc!E$2,#REF!,1,#REF!,"") -> #REF! | F11: =COUNTIFS(#REF!,TheDuc!$B11,#REF!,TheDuc!F$2,#REF!,1,#REF!,"") -> #REF! | G11: =COUNTIFS(#REF!,TheDuc!$B11,#REF!,TheDuc!G$2,#REF!,1,#REF!,"") -> #REF! | H11: =COUNTIFS(#REF!,TheDuc!$B11,#REF!,TheDuc!H$2,#REF!,1,#REF!,"") -> #REF! | I11: =COUNTIFS(#REF!,TheDuc!$B11,#REF!,TheDuc!I$2,#REF!,1,#REF!,"") -> #REF! | J11: =SUM(C11:I11) -> #REF! | K11: =COUNTIFS(#REF!,TheDuc!$B11,#REF!,TheDuc!K$2,#REF!,0,#REF!,"") -> #REF! | L11: =COUNTIFS(#REF!,TheDuc!$B11,#REF!,TheDuc!L$2,#REF!,0,#REF!,"") -> #REF! | M11: =COUNTIFS(#REF!,TheDuc!$B11,#REF!,TheDuc!M$2,#REF!,0,#REF!,"") -> #REF! | N11: =COUNTIFS(#REF!,TheDuc!$B11,#REF!,TheDuc!N$2,#REF!,0,#REF!,"") -> #REF! | O11: =COUNTIFS(#REF!,TheDuc!$B11,#REF!,TheDuc!O$2,#REF!,0,#REF!,"") -> #REF! | P11: =COUNTIFS(#REF!,TheDuc!$B11,#REF!,TheDuc!P$2,#REF!,0,#REF!,"") -> #REF! | Q11: =COUNTIFS(#REF!,TheDuc!$B11,#REF!,TheDuc!Q$2,#REF!,0,#REF!,"") -> #REF! | R11: =SUM(K11:Q11) -> #REF! | S11: =J11+R11 -> #REF!
A12: 10 | B12: Ngoại ngữ | C12: =COUNTIFS(#REF!,TheDuc!$B12,#REF!,TheDuc!C$2,#REF!,1,#REF!,"") -> #REF! | D12: =COUNTIFS(#REF!,TheDuc!$B12,#REF!,TheDuc!D$2,#REF!,1,#REF!,"") -> #REF! | E12: =COUNTIFS(#REF!,TheDuc!$B12,#REF!,TheDuc!E$2,#REF!,1,#REF!,"") -> #REF! | F12: =COUNTIFS(#REF!,TheDuc!$B12,#REF!,TheDuc!F$2,#REF!,1,#REF!,"") -> #REF! | G12: =COUNTIFS(#REF!,TheDuc!$B12,#REF!,TheDuc!G$2,#REF!,1,#REF!,"") -> #REF! | H12: =COUNTIFS(#REF!,TheDuc!$B12,#REF!,TheDuc!H$2,#REF!,1,#REF!,"") -> #REF! | I12: =COUNTIFS(#REF!,TheDuc!$B12,#REF!,TheDuc!I$2,#REF!,1,#REF!,"") -> #REF! | J12: =SUM(C12:I12) -> #REF! | K12: =COUNTIFS(#REF!,TheDuc!$B12,#REF!,TheDuc!K$2,#REF!,0,#REF!,"") -> #REF! | L12: =COUNTIFS(#REF!,TheDuc!$B12,#REF!,TheDuc!L$2,#REF!,0,#REF!,"") -> #REF! | M12: =COUNTIFS(#REF!,TheDuc!$B12,#REF!,TheDuc!M$2,#REF!,0,#REF!,"") -> #REF! | N12: =COUNTIFS(#REF!,TheDuc!$B12,#REF!,TheDuc!N$2,#REF!,0,#REF!,"") -> #REF! | O12: =COUNTIFS(#REF!,TheDuc!$B12,#REF!,TheDuc!O$2,#REF!,0,#REF!,"") -> #REF! | P12: =COUNTIFS(#REF!,TheDuc!$B12,#REF!,TheDuc!P$2,#REF!,0,#REF!,"") -> #REF! | Q12: =COUNTIFS(#REF!,TheDuc!$B12,#REF!,TheDuc!Q$2,#REF!,0,#REF!,"") -> #REF! | R12: =SUM(K12:Q12) -> #REF! | S12: =J12+R12 -> #REF!
A13: 11 | B13: Quản trị Kinh doanh | C13: =COUNTIFS(#REF!,TheDuc!$B13,#REF!,TheDuc!C$2,#REF!,1,#REF!,"") -> #REF! | D13: =COUNTIFS(#REF!,TheDuc!$B13,#REF!,TheDuc!D$2,#REF!,1,#REF!,"") -> #REF! | E13: =COUNTIFS(#REF!,TheDuc!$B13,#REF!,TheDuc!E$2,#REF!,1,#REF!,"") -> #REF! | F13: =COUNTIFS(#REF!,TheDuc!$B13,#REF!,TheDuc!F$2,#REF!,1,#REF!,"") -> #REF! | G13: =COUNTIFS(#REF!,TheDuc!$B13,#REF!,TheDuc!G$2,#REF!,1,#REF!,"") -> #REF! | H13: =COUNTIFS(#REF!,TheDuc!$B13,#REF!,TheDuc!H$2,#REF!,1,#REF!,"") -> #REF! | I13: =COUNTIFS(#REF!,TheDuc!$B13,#REF!,TheDuc!I$2,#REF!,1,#REF!,"") -> #REF! | J13: =SUM(C13:I13) -> #REF! | K13: =COUNTIFS(#REF!,TheDuc!$B13,#REF!,TheDuc!K$2,#REF!,0,#REF!,"") -> #REF! | L13: =COUNTIFS(#REF!,TheDuc!$B13,#REF!,TheDuc!L$2,#REF!,0,#REF!,"") -> #REF! | M13: =COUNTIFS(#REF!,TheDuc!$B13,#REF!,TheDuc!M$2,#REF!,0,#REF!,"") -> #REF! | N13: =COUNTIFS(#REF!,TheDuc!$B13,#REF!,TheDuc!N$2,#REF!,0,#REF!,"") -> #REF! | O13: =COUNTIFS(#REF!,TheDuc!$B13,#REF!,TheDuc!O$2,#REF!,0,#REF!,"") -> #REF! | P13: =COUNTIFS(#REF!,TheDuc!$B13,#REF!,TheDuc!P$2,#REF!,0,#REF!,"") -> #REF! | Q13: =COUNTIFS(#REF!,TheDuc!$B13,#REF!,TheDuc!Q$2,#REF!,0,#REF!,"") -> #REF! | R13: =SUM(K13:Q13) -> #REF! | S13: =J13+R13 -> #REF!
A14: 12 | B14: Sư phạm Khoa học Tự nhiên | C14: =COUNTIFS(#REF!,TheDuc!$B14,#REF!,TheDuc!C$2,#REF!,1,#REF!,"") -> #REF! | D14: =COUNTIFS(#REF!,TheDuc!$B14,#REF!,TheDuc!D$2,#REF!,1,#REF!,"") -> #REF! | E14: =COUNTIFS(#REF!,TheDuc!$B14,#REF!,TheDuc!E$2,#REF!,1,#REF!,"") -> #REF! | F14: =COUNTIFS(#REF!,TheDuc!$B14,#REF!,TheDuc!F$2,#REF!,1,#REF!,"") -> #REF! | G14: =COUNTIFS(#REF!,TheDuc!$B14,#REF!,TheDuc!G$2,#REF!,1,#REF!,"") -> #REF! | H14: =COUNTIFS(#REF!,TheDuc!$B14,#REF!,TheDuc!H$2,#REF!,1,#REF!,"") -> #REF! | I14: =COUNTIFS(#REF!,TheDuc!$B14,#REF!,TheDuc!I$2,#REF!,1,#REF!,"") -> #REF! | J14: =SUM(C14:I14) -> #REF! | K14: =COUNTIFS(#REF!,TheDuc!$B14,#REF!,TheDuc!K$2,#REF!,0,#REF!,"") -> #REF! | L14: =COUNTIFS(#REF!,TheDuc!$B14,#REF!,TheDuc!L$2,#REF!,0,#REF!,"") -> #REF! | M14: =COUNTIFS(#REF!,TheDuc!$B14,#REF!,TheDuc!M$2,#REF!,0,#REF!,"") -> #REF! | N14: =COUNTIFS(#REF!,TheDuc!$B14,#REF!,TheDuc!N$2,#REF!,0,#REF!,"") -> #REF! | O14: =COUNTIFS(#REF!,TheDuc!$B14,#REF!,TheDuc!O$2,#REF!,0,#REF!,"") -> #REF! | P14: =COUNTIFS(#REF!,TheDuc!$B14,#REF!,TheDuc!P$2,#REF!,0,#REF!,"") -> #REF! | Q14: =COUNTIFS(#REF!,TheDuc!$B14,#REF!,TheDuc!Q$2,#REF!,0,#REF!,"") -> #REF! | R14: =SUM(K14:Q14) -> #REF! | S14: =J14+R14 -> #REF!
... A19: 17 | B19: Văn hóa và Du lịch | C19: =COUNTIFS(#REF!,TheDuc!$B19,#REF!,TheDuc!C$2,#REF!,1,#REF!,"") -> #REF! | D19: =COUNTIFS(#REF!,TheDuc!$B19,#REF!,TheDuc!D$2,#REF!,1,#REF!,"") -> #REF! | E19: =COUNTIFS(#REF!,TheDuc!$B19,#REF!,TheDuc!E$2,#REF!,1,#REF!,"") -> #REF! | F19: =COUNTIFS(#REF!,TheDuc!$B19,#REF!,TheDuc!F$2,#REF!,1,#REF!,"") -> #REF! | G19: =COUNTIFS(#REF!,TheDuc!$B19,#REF!,TheDuc!G$2,#REF!,1,#REF!,"") -> #REF! | H19: =COUNTIFS(#REF!,TheDuc!$B19,#REF!,TheDuc!H$2,#REF!,1,#REF!,"") -> #REF! | I19: =COUNTIFS(#REF!,TheDuc!$B19,#REF!,TheDuc!I$2,#REF!,1,#REF!,"") -> #REF! | J19: =SUM(C19:I19) -> #REF! | K19: =COUNTIFS(#REF!,TheDuc!$B19,#REF!,TheDuc!K$2,#REF!,0,#REF!,"") -> #REF! | L19: =COUNTIFS(#REF!,TheDuc!$B19,#REF!,TheDuc!L$2,#REF!,0,#REF!,"") -> #REF! | M19: =COUNTIFS(#REF!,TheDuc!$B19,#REF!,TheDuc!M$2,#REF!,0,#REF!,"") -> #REF! | N19: =COUNTIFS(#REF!,TheDuc!$B19,#REF!,TheDuc!N$2,#REF!,0,#REF!,"") -> #REF! | O19: =COUNTIFS(#REF!,TheDuc!$B19,#REF!,TheDuc!O$2,#REF!,0,#REF!,"") -> #REF! | P19: =COUNTIFS(#REF!,TheDuc!$B19,#REF!,TheDuc!P$2,#REF!,0,#REF!,"") -> #REF! | Q19: =COUNTIFS(#REF!,TheDuc!$B19,#REF!,TheDuc!Q$2,#REF!,0,#REF!,"") -> #REF! | R19: =SUM(K19:Q19) -> #REF! | S19: =J19+R19 -> #REF!
A20: Tổng cộng | C20: =SUM(C3:C19) -> #REF! | D20: =SUM(D3:D19) -> #REF! | E20: =SUM(E3:E19) -> #REF! | F20: =SUM(F3:F19) -> #REF! | G20: =SUM(G3:G19) -> #REF! | H20: =SUM(H3:H19) -> #REF! | I20: =SUM(I3:I19) -> #REF! | J20: =SUM(J3:J19) -> #REF! | ... S20: =SUM(S3:S19) -> #REF!

Sheet 17,VHDL
A1: STT | B1: Mã SV | C1: Họ lót | D1: Tên | E1: Phái | F1: Ngày sinh | G1: Điện thoại | H1: Size thể dục | I1: Tên ngành | J1: Tên khoa | K1: Ghi chú
A2: 1 | B2: 3123350001 | C2: Trịnh Diệu | D2: Ái | E2: 1 | F2: 06/11/2005 | G2: 0815785876 | H2: L | I2: Việt Nam học | J2: Văn hóa và Du lịch
A3: 2 | B3: 3123350004 | C3: Trần Lê Hoài | D3: An | E3: 1 | F3: 15/05/2005 | G3: 0582066955 | H3: XXL | I3: Việt Nam học | J3: Văn hóa và Du lịch
A4: 3 | B4: 3123350005 | C4: Hoàng Vân | D4: Anh | E4: 1 | F4: 15/09/2005 | G4: 0367257640 | H4: M | I4: Việt Nam học | J4: Văn hóa và Du lịch
A5: 4 | B5: 3123350008 | C5: Phạm Quỳnh | D5: Anh | E5: 1 | F5: 21/09/2005 | G5: 0337139908 | H5: M | I5: Việt Nam học | J5: Văn hóa và Du lịch
A6: 5 | B6: 3123350009 | C6: Lê Nguyễn Hồng | D6: Ánh | E6: 1 | F6: 16/05/2005 | G6: 0708080280 | H6: Ngoại cỡ | I6: Việt Nam học | J6: Văn hóa và Du lịch
A7: 6 | B7: 3123350010 | C7: Lê Thị Minh | D7: Ánh | E7: 1 | F7: 12/04/2005 | G7: 0397505030 | H7: M | I7: Việt Nam học | J7: Văn hóa và Du lịch
A8: 7 | B8: 3123350011 | C8: Nguyễn Lưu Minh | D8: Ánh | E8: 1 | F8: 25/11/2005 | G8: 0866409712 | H8: L | I8: Việt Nam học | J8: Văn hóa và Du lịch
A9: 8 | B9: 3123350012 | C9: Trần Thị | D9: Bạc | E9: 1 | F9: 16/02/2005 | G9: 0981750026 | H9: XL | I9: Việt Nam học | J9: Văn hóa và Du lịch
A10: 9 | B10: 3123350013 | C10: Cung Huệ | D10: Băng | E10: 1 | F10: 21/12/1999 | G10: 0708524936 | H10: S | I10: Việt Nam học | J10: Văn hóa và Du lịch
A11: 10 | B11: 3123350014 | C11: Dương Nhã | D11: Bình | E11: 1 | F11: 13/04/2005 | G11: 0818421900 | H11: L | I11: Việt Nam học | J11: Văn hóa và Du lịch
A12: 11 | B12: 3123350015 | C12: Lâm Tú | D12: Châu | E12: 1 | F12: 23/01/2005 | G12: 0795198749 | H12: XL | I12: Việt Nam học | J12: Văn hóa và Du lịch
A13: 12 | B13: 3123350016 | C13: Ngô Thái Hoàng | D13: Châu | E13: 1 | F13: 01/04/2005 | G13: 0394172229 | H13: M | I13: Việt Nam học | J13: Văn hóa và Du lịch
... A390: 389 | B390: 3123570165 | C390: Phạm Ngọc | D390: Yến | E390: 1 | F390: 07/05/2005 | G390: 0362091485 | H390: L | I390: Du lịch | J390: Văn hóa và Du lịch

Sheet 16,Toan UD
A1: STT | B1: Mã SV | C1: Họ lót | D1: Tên | E1: Phái | F1: Ngày sinh | G1: Điện thoại | H1: Size thể dục | I1: Tên ngành | J1: Tên khoa | K1: Ghi chú
A2: 1 | B2: 3123010001 | C2: Lê Thị Ngọc | D2: Anh | E2: 1 | F2: 20/11/2005 | G2: 0798396692 | H2: M | I2: Sư phạm Toán học | J2: Toán - Ứng dụng
A3: 2 | B3: 3123010002 | C3: Dương Thị Linh | D3: Chi | E3: 1 | F3: 10/10/2005 | G3: 0326031609 | H3: XL | I3: Sư phạm Toán học | J3: Toán - Ứng dụng
A4: 3 | B4: 3123010003 | C4: Nguyễn Thanh | D4: Danh | E4: 0 | F4: 08/08/2005 | G4: 0386714611 | H4: XL | I4: Sư phạm Toán học | J4: Toán - Ứng dụng
A5: 4 | B5: 3123010004 | C5: Hà Bảo | D5: Dung | E5: 1 | F5: 25/09/2005 | G5: 0777155008 | H5: L | I5: Sư phạm Toán học | J5: Toán - Ứng dụng
A6: 5 | B6: 3123010005 | C6: Nguyễn Nhật Bảo | D6: Duy | E6: 0 | F6: 20/06/2005 | G6: 0833332541 | H6: L | I6: Sư phạm Toán học | J6: Toán - Ứng dụng
A7: 6 | B7: 3123010006 | C7: Vũ Đức Linh | D7: Đan | E7: 1 | F7: 30/08/2005 | G7: 0358976848 | H7: M | I7: Sư phạm Toán học | J7: Toán - Ứng dụng
A8: 7 | B8: 3123010007 | C8: Nguyễn Tiến | D8: Đạt | E8: 0 | F8: 08/12/2005 | G8: 0934079425 | H8: XL | I8: Sư phạm Toán học | J8: Toán - Ứng dụng
A9: 8 | B9: 3123010008 | C9: Võ Tiến | D9: Đạt | E9: 0 | F9: 17/08/2005 | G9: 0337138926 | H9: M | I9: Sư phạm Toán học | J9: Toán - Ứng dụng
A10: 9 | B10: 3123010009 | C10: Đỗ Trọng | D10: Đức | E10: 0 | F10: 01/10/2005 | G10: 0779443997 | H10: XXL | I10: Sư phạm Toán học | J10: Toán - Ứng dụng
A11: 10 | B11: 3123010010 | C11: Nguyễn Duy | D11: Đức | E11: 0 | F11: 25/05/2005 | G11: 0867739255 | H11: L | I11: Sư phạm Toán học | J11: Toán - Ứng dụng
A12: 11 | B12: 3123010011 | C12: Vũ Trần Mỹ | D12: Hạ | E12: 1 | F12: 28/04/2005 | G12: 0912896798 | H12: M | I12: Sư phạm Toán học | J12: Toán - Ứng dụng
A13: 12 | B13: 3123010012 | C13: Trần Ngọc | D13: Hân | E13: 1 | F13: 03/06/2005 | G13: 0933878124 | H13: M | I13: Sư phạm Toán học | J13: Toán - Ứng dụng
... A201: 200 | B201: 3123580068 | C201: Mai Hoàng Hải | D201: Yến | E201: 1 | F201: 16/09/2005 | G201: 0377768703 | H201: M | I201: Khoa học dữ liệu | J201: Toán - Ứng dụng

Sheet 15,TVVP
A1: STT | B1: Mã SV | C1: Họ lót | D1: Tên | E1: Phái | F1: Ngày sinh | G1: Điện thoại | H1: Size thể dục | I1: Tên ngành | J1: Tên khoa | K1: Ghi chú
A2: 1 | B2: 3123360001 | C2: Bùi Vũ Hoài | D2: An | E2: 1 | F2: 07/08/2005 | G2: 0375990632 | H2: M | I2: Quản trị văn phòng | J2: Thư viện - Văn phòng
A3: 2 | B3: 3123360002 | C3: Phạm Thị Hương | D3: An | E3: 1 | F3: 07/10/2005 | G3: 0372479438 | H3: M | I3: Quản trị văn phòng | J3: Thư viện - Văn phòng
A4: 3 | B4: 3123360003 | C4: Chu Thị Lan | D4: Anh | E4: 1 | F4: 02/10/2005 | G4: 0968474205 | H4: M | I4: Quản trị văn phòng | J4: Thư viện - Văn phòng
A5: 4 | B5: 3123360004 | C5: Lưu Ngọc | D5: Anh | E5: 1 | F5: 21/11/2005 | G5: 0836235219 | H5: M | I5: Quản trị văn phòng | J5: Thư viện - Văn phòng
A6: 5 | B6: 3123360005 | C6: Nguyễn Vân | D6: Anh | E6: 1 | F6: 27/07/2005 | G6: 0367884730 | H6: S | I6: Quản trị văn phòng | J6: Thư viện - Văn phòng
A7: 6 | B7: 3123360006 | C7: Trần Thị Ngọc | D7: Ánh | E7: 1 | F7: 14/01/2005 | G7: 0705949018 | H7: S | I7: Quản trị văn phòng | J7: Thư viện - Văn phòng
A8: 7 | B8: 3123360007 | C8: Trương Thị Ngọc | D8: Ánh | E8: 1 | F8: 07/11/2005 | G8: 0367036620 | H8: L | I8: Quản trị văn phòng | J8: Thư viện - Văn phòng
A9: 8 | B9: 3123360008 | C9: Lê Thị Quỳnh | D9: Ân | E9: 1 | F9: 21/04/2004 | G9: 0344704136 | H9: S | I9: Quản trị văn phòng | J9: Thư viện - Văn phòng
A10: 9 | B10: 3123360009 | C10: Lưu Thanh | D10: Bình | E10: 0 | F10: 21/12/2005 | G10: 0338638065 | H10: XXL | I10: Quản trị văn phòng | J10: Thư viện - Văn phòng
A11: 10 | B11: 3123360010 | C11: Nguyễn Thụy Thùy | D11: Chăm | E11: 1 | F11: 13/11/2005 | G11: 0857993952 | H11: M | I11: Quản trị văn phòng | J11: Thư viện - Văn phòng
A12: 11 | B12: 3123360011 | C12: Lê Ngọc Minh | D12: Châu | E12: 1 | F12: 25/04/2005 | G12: 0825896624 | H12: L | I12: Quản trị văn phòng | J12: Thư viện - Văn phòng
A13: 12 | B13: 3123360013 | C13: Nguyễn Quỳnh | D13: Chi | E13: 1 | F13: 28/07/2005 | G13: 0978552451 | H13: M | I13: Quản trị văn phòng | J13: Thư viện - Văn phòng
... A133: 132 | B133: 3123390073 | C133: Nguyễn Ngọc | D133: Yến | E133: 1 | F133: 15/09/2005 | G133: 0376136580 | H133: M | I133: Thông tin - Thư viện | J133: Thư viện - Văn phòng

Sheet 14,TCKT
A1: STT | B1: Mã SV | C1: Họ lót | D1: Tên | E1: Phái | F1: Ngày sinh | G1: Điện thoại | H1: Size thể dục | I1: Tên ngành | J1: Tên khoa | K1: Ghi chú
A2: 1 | B2: 3123320001 | C2: Hồ Thúy | D2: An | E2: 1 | F2: 19/03/2005 | G2: 0939166728 | H2: L | I2: Kế toán | J2: Tài chính - Kế toán
A3: 2 | B3: 3123320002 | C3: Lê Vũ Thanh | D3: An | E3: 1 | F3: 05/04/2005 | G3: 0969147804 | H3: L | I3: Kế toán | J3: Tài chính - Kế toán
A4: 3 | B4: 3123320003 | C4: Nguyễn Thị Hòa | D4: An | E4: 1 | F4: 28/02/2005 | G4: 0898784502 | H4: L | I4: Kế toán | J4: Tài chính - Kế toán
A5: 4 | B5: 3123320005 | C5: Trương Nghị | D5: An | E5: 0 | F5: 27/09/2005 | G5: 0785284843 | H5: XXL | I5: Kế toán | J5: Tài chính - Kế toán
A6: 5 | B6: 3123320006 | C6: Bùi Hà | D6: Anh | E6: 1 | F6: 29/08/2005 | G6: 0386908122 | H6: M | I6: Kế toán | J6: Tài chính - Kế toán
A7: 6 | B7: 3123320007 | C7: Huỳnh Nguyễn Lan | D7: Anh | E7: 1 | F7: 31/07/2005 | G7: 0342889904 | H7: L | I7: Kế toán | J7: Tài chính - Kế toán
A8: 7 | B8: 3123320008 | C8: Lê Nguyễn Lan | D8: Anh | E8: 1 | F8: 11/12/2005 | G8: 0907665068 | H8: XXL | I8: Kế toán | J8: Tài chính - Kế toán
A9: 8 | B9: 3123320009 | C9: Nguyễn Hà Minh | D9: Anh | E9: 1 | F9: 10/01/2005 | G9: 0919456782 | H9: XXL | I9: Kế toán | J9: Tài chính - Kế toán
A10: 9 | B10: 3123320010 | C10: Nguyễn Hà Trâm | D10: Anh | E10: 1 | F10: 09/11/2005 | G10: 0945411016 | H10: S | I10: Kế toán | J10: Tài chính - Kế toán
A11: 10 | B11: 3123320011 | C11: Nguyễn Mai Trâm | D11: Anh | E11: 1 | F11: 08/07/2005 | G11: 0374502535 | H11: L | I11: Kế toán | J11: Tài chính - Kế toán
A12: 11 | B12: 3123320012 | C12: Nguyễn Thị Lan | D12: Anh | E12: 1 | F12: 14/01/2005 | G12: 0849615696 | H12: L | I12: Kế toán | J12: Tài chính - Kế toán
A13: 12 | B13: 3123320013 | C13: Trần Hoài | D13: Anh | E13: 1 | F13: 11/12/2005 | G13: 0559839335 | H13: L | I13: Kế toán | J13: Tài chính - Kế toán
... A981: 980 | B981: 3123420545 | C981: Trần Kim | D981: Yến | E981: 1 | F981: 04/09/2005 | G981: 0858567501 | H981: L | I981: Tài chính - Ngân hàng | J981: Tài chính - Kế toán

Sheet 13,SPKHXH
A1: STT | B1: Mã SV | C1: Họ lót | D1: Tên | E1: Phái | F1: Ngày sinh | G1: Điện thoại | H1: Size thể dục | I1: Tên ngành | J1: Tên khoa | K1: Ghi chú
A2: 1 | B2: 3123090001 | C2: Võ Thị Ngọc | D2: Ánh | E2: 1 | F2: 17/11/2005 | G2: 0383525028 | H2: S | I2: Sư phạm Ngữ văn | J2: Sư phạm Khoa học Xã hội
A3: 2 | B3: 3123090002 | C3: Bùi Thiên | D3: Ân | E3: 1 | F3: 27/05/2005 | G3: 0344782721 | H3: XL | I3: Sư phạm Ngữ văn | J3: Sư phạm Khoa học Xã hội
A4: 3 | B4: 3123090004 | C4: Lê Trần Ngọc | D4: Bảo | E4: 0 | F4: 15/05/2005 | G4: 0988446091 | H4: XXXL | I4: Sư phạm Ngữ văn | J4: Sư phạm Khoa học Xã hội
A5: 4 | B5: 3123090006 | C5: H Na | D5: Byă | E5: 1 | F5: 05/11/2005 | G5: 0388199725 | H5: S | I5: Sư phạm Ngữ văn | J5: Sư phạm Khoa học Xã hội
A6: 5 | B6: 3123090007 | C6: Tạ Yến | D6: Chi | E6: 1 | F6: 26/02/2005 | G6: 0367240607 | H6: L | I6: Sư phạm Ngữ văn | J6: Sư phạm Khoa học Xã hội
A7: 6 | B7: 3123090008 | C7: Nguyễn Thị Mỹ | D7: Duyên | E7: 1 | F7: 11/05/2005 | G7: 0984814589 | H7: M | I7: Sư phạm Ngữ văn | J7: Sư phạm Khoa học Xã hội
A8: 7 | B8: 3123090009 | C8: Nguyễn Hồng | D8: Đức | E8: 0 | F8: 02/01/2005 | G8: 0369604517 | H8: XXXL | I8: Sư phạm Ngữ văn | J8: Sư phạm Khoa học Xã hội
A9: 8 | B9: 3123090010 | C9: Lê Trà | D9: Giang | E9: 1 | F9: 19/05/2005 | G9: 0982906316 | H9: XL | I9: Sư phạm Ngữ văn | J9: Sư phạm Khoa học Xã hội
A10: 9 | B10: 3123090011 | C10: Nguyễn Thị Hồng | D10: Hạnh | E10: 1 | F10: 10/02/2005 | G10: 0796940535 | H10: S | I10: Sư phạm Ngữ văn | J10: Sư phạm Khoa học Xã hội
A11: 10 | B11: 3123090012 | C11: Trịnh Thị | D11: Hằng | E11: 1 | F11: 15/06/2005 | G11: 0914773063 | H11: M | I11: Sư phạm Ngữ văn | J11: Sư phạm Khoa học Xã hội
A12: 11 | B12: 3123090013 | C12: Trần Thiên | D12: Hoàng | E12: 0 | F12: 25/04/2005 | G12: 0358910628 | H12: XL | I12: Sư phạm Ngữ văn | J12: Sư phạm Khoa học Xã hội
A13: 12 | B13: 3123090014 | C13: Nông Thị Thu | D13: Huyền | E13: 1 | F13: 18/10/2005 | G13: 0974172230 | H13: M | I13: Sư phạm Ngữ văn | J13: Sư phạm Khoa học Xã hội
... A152: 151 | B152: 3123220031 | C152: Huỳnh Nguyễn Tường | D152: Vy | E152: 1 | F152: 20/09/2005 | G152: 0923119685 | H152: XL | I152: Sư phạm Lịch sử - Địa lý | J152: Sư phạm Khoa học Xã hội

Sheet 12,SPKHTN
A1: STT | B1: Mã SV | C1: Họ lót | D1: Tên | E1: Phái | F1: Ngày sinh | G1: Điện thoại | H1: Size thể dục | I1: Tên ngành | J1: Tên khoa | K1: Ghi chú
A2: 1 | B2: 3123020001 | C2: Đoàn Trường | D2: An | E2: 0 | F2: 08/11/2005 | G2: 0359870322 | H2: XL | I2: Sư phạm Vật lý | J2: Sư phạm Khoa học Tự nhiên
A3: 2 | B3: 3123020002 | C3: Phạm Thái Hoài | D3: An | E3: 1 | F3: 09/09/2005 | G3: 0776813511 | H3: L | I3: Sư phạm Vật lý | J3: Sư phạm Khoa học Tự nhiên
A4: 3 | B4: 3123020003 | C4: Nguyễn Ngô | D4: Ân | E4: 0 | F4: 18/10/2005 | G4: 0367492570 | H4: XXL | I4: Sư phạm Vật lý | J4: Sư phạm Khoa học Tự nhiên
A5: 4 | B5: 3123020004 | C5: Nguyễn Hoàng Gia | D5: Bảo | E5: 0 | F5: 06/10/2005 | G5: 0902038717 | H5: L | I5: Sư phạm Vật lý | J5: Sư phạm Khoa học Tự nhiên
A6: 5 | B6: 3123020005 | C6: Nguyễn Ánh | D6: Duy | E6: 1 | F6: 03/12/2005 | G6: 0355065526 | H6: M | I6: Sư phạm Vật lý | J6: Sư phạm Khoa học Tự nhiên
A7: 6 | B7: 3123020006 | C7: Bùi Thị Mỹ | D7: Duyên | E7: 1 | F7: 18/10/2005 | G7: 0946871199 | H7: M | I7: Sư phạm Vật lý | J7: Sư phạm Khoa học Tự nhiên
A8: 7 | B8: 3123020007 | C8: Trần Lương Công | D8: Dự | E8: 0 | F8: 19/06/2005 | G8: 0377439718 | H8: XL | I8: Sư phạm Vật lý | J8: Sư phạm Khoa học Tự nhiên
A9: 8 | B9: 3123020008 | C9: Nguyễn Hoàn | D9: Đạt | E9: 0 | F9: 19/10/2005 | G9: 0792940971 | H9: XL | I9: Sư phạm Vật lý | J9: Sư phạm Khoa học Tự nhiên
A10: 9 | B10: 3123020009 | C10: Nguyễn Ánh Hải | D10: Đăng | E10: 0 | F10: 22/12/2005 | G10: 0943071392 | H10: XXXL | I10: Sư phạm Vật lý | J10: Sư phạm Khoa học Tự nhiên
A11: 10 | B11: 3123020010 | C11: Võ Công | D11: Hiếu | E11: 0 | F11: 08/02/2004 | G11: 0965367276 | H11: XXXL | I11: Sư phạm Vật lý | J11: Sư phạm Khoa học Tự nhiên
A12: 11 | B12: 3123020011 | C12: Võ Đăng | D12: Huy | E12: 0 | F12: 25/04/2005 | G12: 0342325224 | H12: M | I12: Sư phạm Vật lý | J12: Sư phạm Khoa học Tự nhiên
A13: 12 | B13: 3123020012 | C13: Phạm Khánh | D13: Huyền | E13: 1 | F13: 29/01/2005 | G13: 0914838677 | H13: M | I13: Sư phạm Vật lý | J13: Sư phạm Khoa học Tự nhiên
... A140: 139 | B140: 3123210034 | C140: Phạm Ngọc Quỳnh | D140: Xuân | E140: 1 | F140: 25/11/2005 | G140: 0917402845 | H140: L | I140: Sư phạm Khoa học tự nhiên | J140: Sư phạm Khoa học Tự nhiên

Sheet 11,QTKD
A1: STT | B1: Mã SV | C1: Họ lót | D1: Tên | E1: Phái | F1: Ngày sinh | G1: Điện thoại | H1: Size thể dục | I1: Tên ngành | J1: Tên khoa | K1: Ghi chú
A2: 1 | B2: 3123330001 | C2: Huỳnh Thúy | D2: Ái | E2: 1 | F2: 25/11/2005 | G2: 0859519124 | H2: L | I2: Quản trị kinh doanh | J2: Quản trị Kinh doanh
A3: 2 | B3: 3123330002 | C3: Vương Kiều Thanh | D3: An | E3: 1 | F3: 02/11/2005 | G3: 0779529689 | H3: M | I3: Quản trị kinh doanh | J3: Quản trị Kinh doanh
A4: 3 | B4: 3123330003 | C4: Châu Hoài | D4: Anh | E4: 1 | F4: 05/11/2005 | G4: 0945912352 | H4: XL | I4: Quản trị kinh doanh | J4: Quản trị Kinh doanh
A5: 4 | B5: 3123330004 | C5: Đặng Ngô Ngọc | D5: Anh | E5: 1 | F5: 12/10/2005 | G5: 0931984007 | H5: L | I5: Quản trị kinh doanh | J5: Quản trị Kinh doanh
A6: 5 | B6: 3123330005 | C6: Huỳnh Lê Phương | D6: Anh | E6: 1 | F6: 29/11/2005 | G6: 0775612853 | H6: XXXL | I6: Quản trị kinh doanh | J6: Quản trị Kinh doanh
A7: 6 | B7: 3123330006 | C7: Lê Phạm Tú | D7: Anh | E7: 1 | F7: 03/01/2005 | G7: 0374109949 | H7: M | I7: Quản trị kinh doanh | J7: Quản trị Kinh doanh
A8: 7 | B8: 3123330007 | C8: Lê Thị Việt | D8: Anh | E8: 1 | F8: 09/03/2005 | G8: 0901336952 | H8: M | I8: Quản trị kinh doanh | J8: Quản trị Kinh doanh
A9: 8 | B9: 3123330008 | C9: Lê Trọng Đức | D9: Anh | E9: 0 | F9: 19/05/2005 | G9: 0332967621 | H9: XXL | I9: Quản trị kinh doanh | J9: Quản trị Kinh doanh
A10: 9 | B10: 3123330009 | C10: Minh | D10: Anh | E10: 1 | F10: 10/04/2005 | G10: 0903760040 | H10: XXL | I10: Quản trị kinh doanh | J10: Quản trị Kinh doanh
A11: 10 | B11: 3123330010 | C11: Nguyễn Bảo Vân | D11: Anh | E11: 1 | F11: 30/03/2005 | G11: 0865440392 | H11: S | I11: Quản trị kinh doanh | J11: Quản trị Kinh doanh
A12: 11 | B12: 3123330011 | C12: Nguyễn Mai | D12: Anh | E12: 1 | F12: 24/04/2005 | G12: 0947179170 | H12: M | I12: Quản trị kinh doanh | J12: Quản trị Kinh doanh
A13: 12 | B13: 3123330012 | C13: Nguyễn Phan Kỳ | D13: Anh | E13: 1 | F13: 08/09/2005 | G13: 0903228905 | H13: L | I13: Quản trị kinh doanh | J13: Quản trị Kinh doanh
... A709: 708 | B709: 3123590074 | C709: Trần Thị Thanh | D709: Vy | E709: 1 | F709: 24/08/2005 | G709: 0904766513 | H709: L | I709: Quản trị nhà hàng và dịch vụ ăn uống | J709: Quản trị Kinh doanh

Sheet 10,Ngoaingu
A1: STT | B1: Mã SV | C1: Họ lót | D1: Tên | E1: Phái | F1: Ngày sinh | G1: Điện thoại | H1: Size thể dục | I1: Tên ngành | J1: Tên khoa | K1: Ghi chú
A2: 1 | B2: 3123130001 | C2: Trương Hoàng | D2: Ái | E2: 1 | F2: 18/04/2005 | G2: 0325612898 | H2: XL | I2: Sư phạm Tiếng Anh | J2: Ngoại ngữ
A3: 2 | B3: 3123130002 | C3: Lê Thanh Hoàng | D3: An | E3: 1 | F3: 06/10/2005 | G3: 0898515760 | H3: M | I3: Sư phạm Tiếng Anh | J3: Ngoại ngữ
A4: 3 | B4: 3123130003 | C4: Nguyễn Duy | D4: An | E4: 0 | F4: 01/05/2005 | G4: 0862195068 | H4: Ngoại cỡ | I4: Sư phạm Tiếng Anh | J4: Ngoại ngữ
A5: 4 | B5: 3123130004 | C5: Phạm Đồng | D5: An | E5: 0 | F5: 14/11/2005 | G5: 0868124375 | H5: XL | I5: Sư phạm Tiếng Anh | J5: Ngoại ngữ
A6: 5 | B6: 3123130005 | C6: Phạm Trần Duy | D6: An | E6: 0 | F6: 19/08/2005 | G6: 0794971957 | H6: M | I6: Sư phạm Tiếng Anh | J6: Ngoại ngữ
A7: 6 | B7: 3123130006 | C7: Đinh Thị Vân | D7: Anh | E7: 1 | F7: 18/04/2001 | G7: 0902740585 | H7: M | I7: Sư phạm Tiếng Anh | J7: Ngoại ngữ
A8: 7 | B8: 3123130007 | C8: Đỗ Ngọc Tuyết | D8: Anh | E8: 1 | F8: 14/03/2005 | G8: 0793441690 | H8: L | I8: Sư phạm Tiếng Anh | J8: Ngoại ngữ
A9: 8 | B9: 3123130008 | C9: Lê Ngọc Quỳnh | D9: Anh | E9: 1 | F9: 09/11/2005 | G9: 0364820232 | H9: M | I9: Sư phạm Tiếng Anh | J9: Ngoại ngữ
A10: 9 | B10: 3123130009 | C10: Ngô Nguyễn Phương | D10: Anh | E10: 1 | F10: 15/12/2005 | G10: 0972215664 | H10: XL | I10: Sư phạm Tiếng Anh | J10: Ngoại ngữ
A11: 10 | B11: 3123130010 | C11: Nguyễn Đỗ Bảo | D11: Anh | E11: 1 | F11: 10/09/2005 | G11: 0355361534 | H11: S | I11: Sư phạm Tiếng Anh | J11: Ngoại ngữ
A12: 11 | B12: 3123130011 | C12: Nguyễn Linh | D12: Anh | E12: 1 | F12: 18/05/2005 | G12: 0971580018 | H12: S | I12: Sư phạm Tiếng Anh | J12: Ngoại ngữ
A13: 12 | B13: 3123130012 | C13: Phạm Hoài | D13: Anh | E13: 0 | F13: 16/10/2005 | G13: 0385405190 | H13: XXL | I13: Sư phạm Tiếng Anh | J13: Ngoại ngữ
... A514: 513 | B514: 3123380373 | C514: Thái Ngọc Hải | D514: Yến | E514: 1 | F514: 18/01/2005 | G514: 0332155935 | H514: M | I514: Ngôn ngữ Anh | J514: Ngoại ngữ

Sheet 9,Nghethuat
A1: STT | B1: Mã SV | C1: Họ lót | D1: Tên | E1: Phái | F1: Ngày sinh | G1: Điện thoại | H1: Size thể dục | I1: Tên ngành | J1: Tên khoa | K1: Ghi chú
A2: 1 | B2: 3123160001 | C2: Nguyễn Hồng Tri | D2: Ân | E2: 0 | F2: 23/04/2005 | G2: 0778031799 | H2: XL | I2: Sư phạm Âm nhạc | J2: Nghệ thuật
A3: 2 | B3: 3123160002 | C3: Trần Nguyễn Sao | D3: Ân | E3: 1 | F3: 19/04/2005 | G3: 0704656194 | H3: L | I3: Sư phạm Âm nhạc | J3: Nghệ thuật
A4: 3 | B4: 3123160003 | C4: Đặng Trần Quỳnh | D4: Chi | E4: 1 | F4: 24/07/2004 | G4: 0938526494 | H4: L | I4: Sư phạm Âm nhạc | J4: Nghệ thuật
A5: 4 | B5: 3123160004 | C5: Nguyễn Quốc | D5: Cường | E5: 0 | F5: 27/10/2003 | G5: 0855858027 | H5: XL | I5: Sư phạm Âm nhạc | J5: Nghệ thuật
A6: 5 | B6: 3123160005 | C6: Bùi Nguyễn Phương | D6: Dung | E6: 1 | F6: 08/09/2005 | G6: 0856799018 | H6: L | I6: Sư phạm Âm nhạc | J6: Nghệ thuật
A7: 6 | B7: 3123160006 | C7: Nguyễn Quỳnh | D7: Duyên | E7: 1 | F7: 30/11/2005 | G7: 0865001960 | H7: XXL | I7: Sư phạm Âm nhạc | J7: Nghệ thuật
A8: 7 | B8: 3123160007 | C8: Phan Nguyễn Quỳnh | D8: Dương | E8: 1 | F8: 12/12/2005 | G8: 0907436936 | H8: XL | I8: Sư phạm Âm nhạc | J8: Nghệ thuật
A9: 8 | B9: 3123160008 | C9: Cao Minh | D9: Đạt | E9: 0 | F9: 17/12/2005 | G9: 0971665375 | H9: L | I9: Sư phạm Âm nhạc | J9: Nghệ thuật
A10: 9 | B10: 3123160009 | C10: Phan Thành | D10: Đạt | E10: 0 | F10: 06/10/2005 | G10: 0909896631 | H10: XL | I10: Sư phạm Âm nhạc | J10: Nghệ thuật
A11: 10 | B11: 3123160010 | C11: Nguyễn Ngọc Bảo | D11: Hân | E11: 1 | F11: 18/01/2005 | G11: 0923089085 | H11: L | I11: Sư phạm Âm nhạc | J11: Nghệ thuật
A12: 11 | B12: 3123160011 | C12: Nguyễn Thị Gia | D12: Hân | E12: 1 | F12: 05/12/2005 | G12: 0944937764 | H12: L | I12: Sư phạm Âm nhạc | J12: Nghệ thuật
A13: 12 | B13: 3123160012 | C13: Phan Thị | D13: Huyền | E13: 1 | F13: 30/06/2001 | G13: 0388322226 | H13: M | I13: Sư phạm Âm nhạc | J13: Nghệ thuật
... A61: 60 | B61: 3123170031 | C61: Vũ Thị Thu | D61: Uyên | E61: 1 | F61: 13/10/2005 | G61: 0339422676 | H61: M | I61: Sư phạm Mỹ thuật | J61: Nghệ thuật

Sheet 1,CNTT
A1: STT | B1: Mã SV | C1: Họ lót | D1: Tên | E1: Phái | F1: Ngày sinh | G1: Điện thoại | H1: Size thể dục | I1: Tên ngành | J1: Tên khoa | K1: Ghi chú
A2: 1 | B2: 3123410001 | C2: Lê Hoài | D2: An | E2: 0 | F2: 02/01/2005 | G2: 0389732132 | H2: XL | I2: Công nghệ thông tin | J2: Công nghệ Thông tin
A3: 2 | B3: 3123410002 | C3: Mai Phước | D3: An | E3: 0 | F3: 13/11/2005 | G3: 0377533723 | H3: XL | I3: Công nghệ thông tin | J3: Công nghệ Thông tin
A4: 3 | B4: 3123410003 | C4: Nguyễn Hồng | D4: An | E4: 0 | F4: 28/05/2005 | G4: 0344321406 | H4: XXL | I4: Công nghệ thông tin | J4: Công nghệ Thông tin
A5: 4 | B5: 3123410004 | C5: Trần Ngọc | D5: An | E5: 0 | F5: 08/09/2005 | G5: 0865463521 | H5: L | I5: Công nghệ thông tin | J5: Công nghệ Thông tin
A6: 5 | B6: 3123410005 | C6: Lương Hữu | D6: Anh | E6: 0 | F6: 17/04/2004 | G6: 0832113467 | H6: XL | I6: Công nghệ thông tin | J6: Công nghệ Thông tin
A7: 6 | B7: 3123410006 | C7: Nguyễn Hoàng | D7: Anh | E7: 0 | F7: 02/06/2005 | G7: 0325762855 | H7: L | I7: Công nghệ thông tin | J7: Công nghệ Thông tin
A8: 7 | B8: 3123410007 | C8: Nguyễn Hoàng | D8: Anh | E8: 0 | F8: 26/11/2005 | G8: 0985922611 | H8: XXL | I8: Công nghệ thông tin | J8: Công nghệ Thông tin
A9: 8 | B9: 3123410008 | C9: Nguyễn Ngọc Trâm | D9: Anh | E9: 1 | F9: 04/05/2005 | G9: 0976015673 | H9: L | I9: Công nghệ thông tin | J9: Công nghệ Thông tin
A10: 9 | B10: 3123410009 | C10: Nguyễn Tuấn | D10: Anh | E10: 0 | F10: 03/04/2005 | G10: 0968403296 | H10: XXXL | I10: Công nghệ thông tin | J10: Công nghệ Thông tin
A11: 10 | B11: 3123410010 | C11: Trần Nguyễn Huy | D11: Anh | E11: 0 | F11: 29/01/2005 | G11: 0398880602 | H11: XXXL | I11: Công nghệ thông tin | J11: Công nghệ Thông tin
A12: 11 | B12: 3123410011 | C12: Trương Phúc Hoàng | D12: Anh | E12: 0 | F12: 05/01/2005 | G12: 0919507098 | H12: XL | I12: Công nghệ thông tin | J12: Công nghệ Thông tin
A13: 12 | B13: 3123410012 | C13: Đào Nguyễn Thiên | D13: Ân | E13: 0 | F13: 15/08/2005 | G13: 0774640241 | H13: XL | I13: Công nghệ thông tin | J13: Công nghệ Thông tin
... A834: 833 | B834: 3123560100 | C834: Lê Hoàng | D834: Yến | E834: 1 | F834: 07/08/2005 | G834: 0799128798 | H834: XL | I834: Kỹ thuật phần mềm | J834: Công nghệ Thông tin

Sheet Sheet1
